--------------------------------------------------------------------------------
	UC1-Ability to create a payroll service database
---------------------------------------------------------------------------------
MySQL> create database payroll_services;
Query OK, 1 row affected (0.03 sec)

mysql> show databases;
+--------------------+
| Database           |
+--------------------+
| information_schema |
| mysql              |
| payroll_services   |
| performance_schema |
| sys                |
+--------------------+
5 rows in set (0.03 sec)

mysql> use payroll_services;
Database changed

---------------------------------------------------------------------------------------------------------- 
UC2-Ability to create a employee payroll table in the payroll service database to manage employee payrolls
----------------------------------------------------------------------------------------------------------
mysql> CREATE TABLE EMPLOYEE_PAYROLL(
    -> EMPLOYEE_ID INT NOT NULL AUTO_INCREMENT,
    -> NAME VARCHAR(255) NOT NULL,
    -> SALARY DOUBLE NOT NULL,
    -> START_DATE DATE NOT NULL,
    -> PRIMARY KEY (EMPLOYEE_ID));
Query OK, 0 rows affected (0.11 sec)

mysql> DESCRIBE EMPLOYEE_PAYROLL;
+-------------+--------------+------+-----+---------+----------------+
| Field       | Type         | Null | Key | Default | Extra          |
+-------------+--------------+------+-----+---------+----------------+
| EMPLOYEE_ID | int          | NO   | PRI | NULL    | auto_increment |
| NAME        | varchar(255) | NO   |     | NULL    |                |
| SALARY      | double       | NO   |     | NULL    |                |
| START_DATE  | date         | NO   |     | NULL    |                |
+-------------+--------------+------+-----+---------+----------------+
4 rows in set (0.02 sec)

------------------------------------------------------------------------------------------------------ 
UC3-Ability to create employee payroll data in the payroll service database as part of CURD Operation
------------------------------------------------------------------------------------------------------

mysql>  INSERT INTO EMPLOYEE_PAYROLL (NAME,SALARY,START_DATE) VALUES
    ->  ('RAM',10000.00,'2018-01-03'),
    ->  ('SHAM',50000.00,'2019-05-21'),
    ->  ('STEVEN',60000.00,'2012-01-22'),
    ->  ('CHARLS',20000.00,'2011-02-06');
Query OK, 4 rows affected (0.05 sec)
Records: 4  Duplicates: 0  Warnings: 0

------------------------------------------------------------------------------------------------------ 
UC4-Ability to retrieve all the employee payroll data that is added to payroll service database
------------------------------------------------------------------------------------------------------
mysql> SELECT * FROM EMPLOYEE_PAYROLL;
+-------------+--------+--------+------------+
| EMPLOYEE_ID | NAME   | SALARY | START_DATE |
+-------------+--------+--------+------------+
|           1 | RAM    |  10000 | 2018-01-03 |
|           2 | SHAM   |  50000 | 2019-05-21 |
|           3 | STEVEN |  60000 | 2012-01-22 |
|           4 | CHARLS |  20000 | 2011-02-06 |
+-------------+--------+--------+------------+
4 rows in set (0.00 sec)

------------------------------------------------------------------------------------------------------------------------------------------------------------------- 
UC5-Ability_to_retrieve_salary_data_for_a_particular_employee_as_well_as_all_employees_who_have_joined_in_a_particular_data_range_from_the_payroll_service_database
-------------------------------------------------------------------------------------------------------------------------------------------------------------------

mysql> SELECT SALARY FROM EMPLOYEE_PAYROLL  WHERE NAME = "RAM";
+--------+
| SALARY |
+--------+
|  10000 |
+--------+

mysql> SELECT * FROM EMPLOYEE_PAYROLL WHERE START_DATE BETWEEN CAST('2018-01-03' AS DATE) AND DATE(NOW());
+-------------+------+--------+------------+
| EMPLOYEE_ID | NAME | SALARY | START_DATE |
+-------------+------+--------+------------+
|           1 | RAM  |  10000 | 2018-01-03 |
|           2 | SHAM |  50000 | 2019-05-21 |
+-------------+------+--------+------------+
2 rows in set (0.00 sec)

-------------------------------------------------------------------------------------------------------------- 
UC6-Ability_to_add_Gender_to_Employee_Payroll_Table_and_Update_the_Rows_to_reflect_the_correct_Employee_Gender
--------------------------------------------------------------------------------------------------------------
mysql> ALTER TABLE EMPLOYEE_PAYROLL ADD GENDER CHAR(1) AFTER NAME;
Query OK, 0 rows affected (0.05 sec)
Records: 0  Duplicates: 0  Warnings: 0

mysql> DESCRIBE EMPLOYEE_PAYROLL;
+-------------+--------------+------+-----+---------+----------------+
| Field       | Type         | Null | Key | Default | Extra          |
+-------------+--------------+------+-----+---------+----------------+
| EMPLOYEE_ID | int          | NO   | PRI | NULL    | auto_increment |
| NAME        | varchar(255) | NO   |     | NULL    |                |
| GENDER      | char(1)      | YES  |     | NULL    |                |
| SALARY      | double       | NO   |     | NULL    |                |
| START_DATE  | date         | NO   |     | NULL    |                |
+-------------+--------------+------+-----+---------+----------------+
5 rows in set (0.01 sec)

mysql> UPDATE EMPLOYEE_PAYROLL SET GENDER = 'M' WHERE NAME = 'RAM' OR NAME = 'SHAM';
Query OK, 2 rows affected (0.03 sec)
Rows matched: 2  Changed: 2  Warnings: 0

mysql> SELECT * FROM EMPLOYEE_PAYROLL;
+-------------+--------+--------+--------+------------+
| EMPLOYEE_ID | NAME   | GENDER | SALARY | START_DATE |
+-------------+--------+--------+--------+------------+
|           1 | RAM    | M      |  10000 | 2018-01-03 |
|           2 | SHAM   | M      |  50000 | 2019-05-21 |
|           3 | STEVEN | NULL   |  60000 | 2012-01-22 |
|           4 | CHARLS | NULL   |  20000 | 2011-02-06 |
+-------------+--------+--------+--------+------------+
4 rows in set (0.00 sec)

-------------------------------------------------------------------------------------------------------------- 
UC7-Ability_to_find_sum,_average,_min,_max_and_number_of_male_and_female_employees
--------------------------------------------------------------------------------------------------------------
mysql> SELECT SUM(salary) FROM employee_payroll
    -> WHERE gender = 'F' GROUP BY gender;
+-------------+
| SUM(salary) |
+-------------+
|      140000 |
+-------------+
1 row in set (0.00 sec)

mysql>  SELECT SUM(salary) FROM employee_payroll
    ->  WHERE gender = 'M' GROUP BY gender;
+-------------+
| SUM(salary) |
+-------------+
|      140000 |
+-------------+
1 row in set (0.00 sec)

mysql> SELECT AVG(salary) FROM employee_payroll
    -> WHERE gender = 'F' GROUP BY gender;
+-------------+
| AVG(salary) |
+-------------+
|       70000 |
+-------------+
1 row in set (0.00 sec)

mysql> SELECT AVG(salary) FROM employee_payroll
    -> WHERE gender = 'M' GROUP BY gender;
+-------------+
| AVG(salary) |
+-------------+
|       35000 |
+-------------+
1 row in set (0.02 sec)

mysql>  SELECT MIN(salary) FROM employee_payroll
    ->  WHERE gender = 'F' GROUP BY gender;
+-------------+
| MIN(salary) |
+-------------+
|       70000 |
+-------------+
1 row in set (0.02 sec)

mysql>  SELECT MIN(salary) FROM employee_payroll
    ->  WHERE gender = 'M' GROUP BY gender;
+-------------+
| MIN(salary) |
+-------------+
|       10000 |
+-------------+
1 row in set (0.00 sec)

mysql> SELECT MAX(salary) FROM employee_payroll
    -> WHERE gender = 'F' GROUP BY gender;
+-------------+
| MAX(salary) |
+-------------+
|       70000 |
+-------------+
1 row in set (0.00 sec)

mysql> SELECT MAX(salary) FROM employee_payroll
    -> WHERE gender = 'M' GROUP BY gender;
+-------------+
| MAX(salary) |
+-------------+
|       60000 |
+-------------+
1 row in set (0.00 sec)

mysql>  SELECT COUNT(salary) FROM employee_payroll  WHERE gender = 'F' GROUP BY gen
der;
+---------------+
| COUNT(salary) |
+---------------+
|             2 |
+---------------+
1 row in set (0.00 sec)

mysql> SELECT COUNT(salary) FROM employee_payroll  WHERE gender = 'M' GROUP BY gender;
+---------------+
| COUNT(salary) |
+---------------+
|             4 |
+---------------+
1 row in set (0.02 sec)
-------------------------------------------------------------------------------------------------------------- 
UC8-Ability_to_extend_employee_payroll_data_to_store_employee_information_like_employee_phone_address_and_department 
- Ensure employee department is non nullable fields.
- Add Default Value for address field.
--------------------------------------------------------------------------------------------------------------
mysql>  ALTER TABLE EMPLOYEE_PAYROLL ADD (phone_no INT,Address VARCHAR(255) DEFAULT 'MUMBAI', Department VARCHAR(255) NOT NULL );
Query OK, 0 rows affected (0.06 sec)
Records: 0  Duplicates: 0  Warnings: 0

mysql> SELECT * FROM EMPLOYEE_PAYROLL;
+-------------+---------+--------+--------+------------+----------+---------+------------+
| EMPLOYEE_ID | NAME    | GENDER | SALARY | START_DATE | phone_no | Address | Department |
+-------------+---------+--------+--------+------------+----------+---------+------------+
|           1 | RAM     | M      |  10000 | 2018-01-03 |     NULL | MUMBAI  |            |
|           2 | SHAM    | M      |  50000 | 2019-05-21 |     NULL | MUMBAI  |            |
|           3 | STEVEN  | M      |  60000 | 2012-01-22 |     NULL | MUMBAI  |            |
|           4 | CHARLS  | M      |  20000 | 2011-02-06 |     NULL | MUMBAI  |            |
|           5 | Sayli   | F      |  70000 | 2024-01-29 |     NULL | MUMBAI  |            |
|           6 | Sukanya | F      |  70000 | 2023-01-12 |     NULL | MUMBAI  |            |
+-------------+---------+--------+--------+------------+----------+---------+------------+
6 rows in set (0.00 sec)
-------------------------------------------------------------------------------------------------------------------------


mysql> ALTER TABLE employee_payroll ADD (Basic_pay INT,Deductions INT,Taxable_pay INT, Income_tax INT, Net_pay INT);
Query OK, 0 rows affected (0.04 sec)
Records: 0  Duplicates: 0  Warnings: 0

mysql>  DESCRIBE employee_payroll;
+-------------+--------------+------+-----+---------+----------------+
| Field       | Type         | Null | Key | Default | Extra          |
+-------------+--------------+------+-----+---------+----------------+
| EMPLOYEE_ID | int          | NO   | PRI | NULL    | auto_increment |
| NAME        | varchar(255) | NO   |     | NULL    |                |
| GENDER      | char(1)      | YES  |     | NULL    |                |
| SALARY      | double       | NO   |     | NULL    |                |
| START_DATE  | date         | NO   |     | NULL    |                |
| phone_no    | int          | YES  |     | NULL    |                |
| Address     | varchar(255) | YES  |     | MUMBAI  |                |
| Department  | varchar(255) | NO   |     | NULL    |                |
| Basic_pay   | int          | YES  |     | NULL    |                |
| Deductions  | int          | YES  |     | NULL    |                |
| Taxable_pay | int          | YES  |     | NULL    |                |
| Income_tax  | int          | YES  |     | NULL    |                |
| Net_pay     | int          | YES  |     | NULL    |                |
+-------------+--------------+------+-----+---------+----------------+
13 rows in set (0.01 sec)

mysql> select * from employee_payroll;
+-------------+---------+--------+--------+------------+----------+---------+------------+-----------+------------+-------------+------------+---------+
| EMPLOYEE_ID | NAME    | GENDER | SALARY | START_DATE | phone_no | Address | Department | Basic_pay | Deductions | Taxable_pay | Income_tax | Net_pay |
+-------------+---------+--------+--------+------------+----------+---------+------------+-----------+------------+-------------+------------+---------+
|           1 | RAM     | M      |  10000 | 2018-01-03 |     NULL | MUMBAI  |            |      NULL |       NULL |        NULL |       NULL |    NULL |
|           2 | SHAM    | M      |  50000 | 2019-05-21 |     NULL | MUMBAI  |            |      NULL |       NULL |        NULL |       NULL |    NULL |
|           3 | STEVEN  | M      |  60000 | 2012-01-22 |     NULL | MUMBAI  |            |      NULL |       NULL |        NULL |       NULL |    NULL |
|           4 | CHARLS  | M      |  20000 | 2011-02-06 |     NULL | MUMBAI  |            |      NULL |       NULL |        NULL |       NULL |    NULL |
|           5 | Sayli   | F      |  70000 | 2024-01-29 |     NULL | MUMBAI  |            |      NULL |       NULL |        NULL |       NULL |    NULL |
|           6 | Sukanya | F      |  70000 | 2023-01-12 |     NULL | MUMBAI  |            |      NULL |       NULL |        NULL |       NULL |    NULL |
+-------------+---------+--------+--------+------------+----------+---------+------------+-----------+------------+-------------+------------+---------+
6 rows in set (0.00 sec)


